<?xml version="1.0" encoding="UTF-8"?>
<!DOCTYPE mapper PUBLIC "-//mybatis.org//DTD Mapper 3.0//EN" "http://mybatis.org/dtd/mybatis-3-mapper.dtd">
<mapper namespace="cn.stylefeng.guns.modular.system.mapper.FileInfoMapper">

    <!-- 通用查询映射结果 -->
    <resultMap id="BaseResultMap" type="cn.stylefeng.guns.modular.system.entity.FileInfo">
        <id column="file_id" property="fileId" />
        <result column="file_data" property="fileData" />
        <result column="create_time" property="createTime" />
        <result column="update_time" property="updateTime" />
        <result column="create_user" property="createUser" />
        <result column="update_user" property="updateUser" />
    </resultMap>

    <!-- 通用查询结果列 -->
    <sql id="Base_Column_List">
        file_id AS "fileId", file_data AS "fileData", create_time AS "createTime", update_time AS "updateTime", create_user AS "createUser", update_user AS "updateUser"
    </sql>

</mapper>
