<?xml version="1.0" encoding="UTF-8"?>
<!DOCTYPE mapper PUBLIC "-//mybatis.org//DTD Mapper 3.0//EN" "http://mybatis.org/dtd/mybatis-3-mapper.dtd">
<mapper namespace="cn.stylefeng.guns.modular.system.mapper.DictTypeMapper">

    <!-- 通用查询映射结果 -->
    <resultMap id="BaseResultMap" type="cn.stylefeng.guns.modular.system.entity.DictType">
        <id column="dict_type_id" property="dictTypeId" />
        <result column="code" property="code" />
        <result column="name" property="name" />
        <result column="description" property="description" />
        <result column="system_flag" property="systemFlag" />
        <result column="status" property="status" />
        <result column="sort" property="sort" />
        <result column="create_time" property="createTime" />
        <result column="create_user" property="createUser" />
        <result column="update_time" property="updateTime" />
        <result column="update_user" property="updateUser" />
    </resultMap>

    <!-- 通用查询结果列 -->
    <sql id="Base_Column_List">
        dict_type_id AS "dictTypeId", code AS "code", name AS "name", description AS "description", system_flag AS "systemFlag", status AS "status", sort AS "sort", create_time AS "createTime", create_user AS "createUser", update_time AS "updateTime", update_user AS "updateUser"
    </sql>

</mapper>
